folder;frame_nr;snout_x;snout_y;ear_x;ear_y;withers_x;withers_y;croup_x;croup_y;shoulder_x;shoulder_y;elbow_x;elbow_y;carpal_x;carpal_y;ankle_x;ankle_y;hoof_x;hoof_y
/data/01_kinematics/19_zebra_video/01_tracking/frames_ep1;0;;;;;;;;;;;;;;;;;;
/data/01_kinematics/19_zebra_video/01_tracking/frames_ep1;1;;;;;;;;;;;;;;;;;;
/data/01_kinematics/19_zebra_video/01_tracking/frames_ep1;2;;;;;;;;;;;;;;;;;;
/data/01_kinematics/19_zebra_video/01_tracking/frames_ep1;3;;;;;;;;;;;;;;;;;;
/data/01_kinematics/19_zebra_video/01_tracking/frames_ep1;4;;;;;;;;;;;;;;;;;;
/data/01_kinematics/19_zebra_video/01_tracking/frames_ep1;5;;;;;;;;;;;;;;;;;;
/data/01_kinematics/19_zebra_video/01_tracking/frames_ep1;6;;;;;;;;;;;;;;;;;;
/data/01_kinematics/19_zebra_video/01_tracking/frames_ep1;7;;;;;;;;;;;;;;;;;;
/data/01_kinematics/19_zebra_video/01_tracking/frames_ep1;8;;;;;;;;;;;;;;;;;;
/data/01_kinematics/19_zebra_video/01_tracking/frames_ep1;9;;;;;;;;;;;;;;;;;;
/data/01_kinematics/19_zebra_video/01_tracking/frames_ep1;10;;;;;;;;;;;;;;;;;;
/data/01_kinematics/19_zebra_video/01_tracking/frames_ep1;11;;;;;;;;;;;;;;;;;;
/data/01_kinematics/19_zebra_video/01_tracking/frames_ep1;12;;;;;;;;;;;;;;;;;;
/data/01_kinematics/19_zebra_video/01_tracking/frames_ep1;13;;;;;;;;;;;;;;;;;;
/data/01_kinematics/19_zebra_video/01_tracking/frames_ep1;14;873.4972607975538;868.7633074276979;;;;;;;;;;;;;;;;
/data/01_kinematics/19_zebra_video/01_tracking/frames_ep1;15;;;;;;;;;;;;;;;;;;
/data/01_kinematics/19_zebra_video/01_tracking/frames_ep1;16;;;;;;;;;;;;;;;;;;
/data/01_kinematics/19_zebra_video/01_tracking/frames_ep1;17;;;;;;;;;;;;;;;;;;
/data/01_kinematics/19_zebra_video/01_tracking/frames_ep1;18;;;;;;;;;;;;;;;;;;
/data/01_kinematics/19_zebra_video/01_tracking/frames_ep1;19;;;;;;;;;;;;;;;;;;
/data/01_kinematics/19_zebra_video/01_tracking/frames_ep1;20;;;;;;;;;;;;;;;;;;
/data/01_kinematics/19_zebra_video/01_tracking/frames_ep1;21;;;;;;;;;;;;;;;;;;
/data/01_kinematics/19_zebra_video/01_tracking/frames_ep1;22;;;;;;;;;;;;;;;;;;
/data/01_kinematics/19_zebra_video/01_tracking/frames_ep1;23;;;;;;;;;;;;;;;;;;
/data/01_kinematics/19_zebra_video/01_tracking/frames_ep1;24;;;;;;;;;;;;;;;;;;
/data/01_kinematics/19_zebra_video/01_tracking/frames_ep1;25;;;;;;;;;;;;;;;;;;
/data/01_kinematics/19_zebra_video/01_tracking/frames_ep1;26;;;;;;;;;;;;;;;;;;
/data/01_kinematics/19_zebra_video/01_tracking/frames_ep1;27;;;;;;;;;;;;;;;;;;
/data/01_kinematics/19_zebra_video/01_tracking/frames_ep1;28;;;;;;;;;;;;;;;;;;
/data/01_kinematics/19_zebra_video/01_tracking/frames_ep1;29;;;;;;;;;;;;;;;;;;
/data/01_kinematics/19_zebra_video/01_tracking/frames_ep1;30;;;;;;;;;;;;;;;;;;
/data/01_kinematics/19_zebra_video/01_tracking/frames_ep1;31;;;;;;;;;;;;;;;;;;
/data/01_kinematics/19_zebra_video/01_tracking/frames_ep1;32;;;;;;;;;;;;;;;;;;
/data/01_kinematics/19_zebra_video/01_tracking/frames_ep1;33;;;;;;;;;;;;;;;;;;
/data/01_kinematics/19_zebra_video/01_tracking/frames_ep1;34;;;;;;;;;;;;;;;;;;
/data/01_kinematics/19_zebra_video/01_tracking/frames_ep1;35;;;;;;;;;;;;;;;;;;
/data/01_kinematics/19_zebra_video/01_tracking/frames_ep1;36;;;;;;;;;;;;;;;;;;
/data/01_kinematics/19_zebra_video/01_tracking/frames_ep1;37;;;;;;;;;;;;;;;;;;
/data/01_kinematics/19_zebra_video/01_tracking/frames_ep1;38;;;;;;;;;;;;;;;;;;
/data/01_kinematics/19_zebra_video/01_tracking/frames_ep1;39;;;;;;;;;;;;;;;;;;
/data/01_kinematics/19_zebra_video/01_tracking/frames_ep1;40;;;;;;;;;;;;;;;;;;
/data/01_kinematics/19_zebra_video/01_tracking/frames_ep1;41;;;;;;;;;;;;;;;;;;
/data/01_kinematics/19_zebra_video/01_tracking/frames_ep1;42;;;;;;;;;;;;;;;;;;
/data/01_kinematics/19_zebra_video/01_tracking/frames_ep1;43;;;;;;;;;;;;;;;;;;
/data/01_kinematics/19_zebra_video/01_tracking/frames_ep1;44;;;;;;;;;;;;;;;;;;
/data/01_kinematics/19_zebra_video/01_tracking/frames_ep1;45;;;;;;;;;;;;;;;;;;
/data/01_kinematics/19_zebra_video/01_tracking/frames_ep1;46;769.4432411772201;854.9730156707863;;;;;;;;;;;;;;;;
/data/01_kinematics/19_zebra_video/01_tracking/frames_ep1;47;;;;;;;;;;;;;;;;;;
/data/01_kinematics/19_zebra_video/01_tracking/frames_ep1;48;;;;;;;;;;;;;;;;;;
/data/01_kinematics/19_zebra_video/01_tracking/frames_ep1;49;;;;;;;;;;;;;;;;;;
/data/01_kinematics/19_zebra_video/01_tracking/frames_ep1;50;;;;;;;;;;;;;;;;;;
/data/01_kinematics/19_zebra_video/01_tracking/frames_ep1;51;;;;;;;;;;;;;;;;;;
/data/01_kinematics/19_zebra_video/01_tracking/frames_ep1;52;;;;;;;;;;;;;;;;;;
/data/01_kinematics/19_zebra_video/01_tracking/frames_ep1;53;;;;;;;;;;;;;;;;;;
/data/01_kinematics/19_zebra_video/01_tracking/frames_ep1;54;;;;;;;;;;;;;;;;;;
/data/01_kinematics/19_zebra_video/01_tracking/frames_ep1;55;;;;;;;;;;;;;;;;;;
/data/01_kinematics/19_zebra_video/01_tracking/frames_ep1;56;;;;;;;;;;;;;;;;;;
/data/01_kinematics/19_zebra_video/01_tracking/frames_ep1;57;;;;;;;;;;;;;;;;;;
/data/01_kinematics/19_zebra_video/01_tracking/frames_ep1;58;;;;;;;;;;;;;;;;;;
/data/01_kinematics/19_zebra_video/01_tracking/frames_ep1;59;;;;;;;;;;;;;;;;;;
/data/01_kinematics/19_zebra_video/01_tracking/frames_ep1;60;;;;;;;;;;;;;;;;;;
/data/01_kinematics/19_zebra_video/01_tracking/frames_ep1;61;;;;;;;;;;;;;;;;;;
/data/01_kinematics/19_zebra_video/01_tracking/frames_ep1;62;;;;;;;;;;;;;;;;;;
/data/01_kinematics/19_zebra_video/01_tracking/frames_ep1;63;;;;;;;;;;;;;;;;;;
/data/01_kinematics/19_zebra_video/01_tracking/frames_ep1;64;;;;;;;;;;;;;;;;;;
/data/01_kinematics/19_zebra_video/01_tracking/frames_ep1;65;;;;;;;;;;;;;;;;;;
/data/01_kinematics/19_zebra_video/01_tracking/frames_ep1;66;;;;;;;;;;;;;;;;;;
/data/01_kinematics/19_zebra_video/01_tracking/frames_ep1;67;;;;;;;;;;;;;;;;;;
/data/01_kinematics/19_zebra_video/01_tracking/frames_ep1;68;;;;;;;;;;;;;;;;;;
/data/01_kinematics/19_zebra_video/01_tracking/frames_ep1;69;;;;;;;;;;;;;;;;;;
/data/01_kinematics/19_zebra_video/01_tracking/frames_ep1;70;;;;;;;;;;;;;;;;;;
/data/01_kinematics/19_zebra_video/01_tracking/frames_ep1;71;;;;;;;;;;;;;;;;;;
/data/01_kinematics/19_zebra_video/01_tracking/frames_ep1;72;;;;;;;;;;;;;;;;;;
/data/01_kinematics/19_zebra_video/01_tracking/frames_ep1;73;;;;;;;;;;;;;;;;;;
/data/01_kinematics/19_zebra_video/01_tracking/frames_ep1;74;;;;;;;;;;;;;;;;;;
/data/01_kinematics/19_zebra_video/01_tracking/frames_ep1;75;;;;;;;;;;;;;;;;;;
/data/01_kinematics/19_zebra_video/01_tracking/frames_ep1;76;;;;;;;;;;;;;;;;;;
/data/01_kinematics/19_zebra_video/01_tracking/frames_ep1;77;;;;;;;;;;;;;;;;;;
/data/01_kinematics/19_zebra_video/01_tracking/frames_ep1;78;;;;;;;;;;;;;;;;;;
/data/01_kinematics/19_zebra_video/01_tracking/frames_ep1;79;724.3113772455091;883.8072620716016;;;;;;;;;;;;;;;;
/data/01_kinematics/19_zebra_video/01_tracking/frames_ep1;80;;;;;;;;;;;;;;;;;;
/data/01_kinematics/19_zebra_video/01_tracking/frames_ep1;81;;;;;;;;;;;;;;;;;;
/data/01_kinematics/19_zebra_video/01_tracking/frames_ep1;82;;;;;;;;;;;;;;;;;;
/data/01_kinematics/19_zebra_video/01_tracking/frames_ep1;83;;;;;;;;;;;;;;;;;;
/data/01_kinematics/19_zebra_video/01_tracking/frames_ep1;84;;;;;;;;;;;;;;;;;;
/data/01_kinematics/19_zebra_video/01_tracking/frames_ep1;85;;;;;;;;;;;;;;;;;;
/data/01_kinematics/19_zebra_video/01_tracking/frames_ep1;86;;;;;;;;;;;;;;;;;;
/data/01_kinematics/19_zebra_video/01_tracking/frames_ep1;87;;;;;;;;;;;;;;;;;;
/data/01_kinematics/19_zebra_video/01_tracking/frames_ep1;88;;;;;;;;;;;;;;;;;;
/data/01_kinematics/19_zebra_video/01_tracking/frames_ep1;89;;;;;;;;;;;;;;;;;;
/data/01_kinematics/19_zebra_video/01_tracking/frames_ep1;90;;;;;;;;;;;;;;;;;;
/data/01_kinematics/19_zebra_video/01_tracking/frames_ep1;91;;;;;;;;;;;;;;;;;;
/data/01_kinematics/19_zebra_video/01_tracking/frames_ep1;92;;;;;;;;;;;;;;;;;;
/data/01_kinematics/19_zebra_video/01_tracking/frames_ep1;93;;;;;;;;;;;;;;;;;;
/data/01_kinematics/19_zebra_video/01_tracking/frames_ep1;94;;;;;;;;;;;;;;;;;;
/data/01_kinematics/19_zebra_video/01_tracking/frames_ep1;95;;;;;;;;;;;;;;;;;;
/data/01_kinematics/19_zebra_video/01_tracking/frames_ep1;96;;;;;;;;;;;;;;;;;;
/data/01_kinematics/19_zebra_video/01_tracking/frames_ep1;97;;;;;;;;;;;;;;;;;;
/data/01_kinematics/19_zebra_video/01_tracking/frames_ep1;98;;;;;;;;;;;;;;;;;;
/data/01_kinematics/19_zebra_video/01_tracking/frames_ep1;99;;;;;;;;;;;;;;;;;;
/data/01_kinematics/19_zebra_video/01_tracking/frames_ep1;100;;;;;;;;;;;;;;;;;;
/data/01_kinematics/19_zebra_video/01_tracking/frames_ep1;101;;;;;;;;;;;;;;;;;;
/data/01_kinematics/19_zebra_video/01_tracking/frames_ep1;102;;;;;;;;;;;;;;;;;;
/data/01_kinematics/19_zebra_video/01_tracking/frames_ep1;103;;;;;;;;;;;;;;;;;;
/data/01_kinematics/19_zebra_video/01_tracking/frames_ep1;104;;;;;;;;;;;;;;;;;;
/data/01_kinematics/19_zebra_video/01_tracking/frames_ep1;105;;;;;;;;;;;;;;;;;;
/data/01_kinematics/19_zebra_video/01_tracking/frames_ep1;106;;;;;;;;;;;;;;;;;;
/data/01_kinematics/19_zebra_video/01_tracking/frames_ep1;107;;;;;;;;;;;;;;;;;;
/data/01_kinematics/19_zebra_video/01_tracking/frames_ep1;108;;;;;;;;;;;;;;;;;;
/data/01_kinematics/19_zebra_video/01_tracking/frames_ep1;109;;;;;;;;;;;;;;;;;;
/data/01_kinematics/19_zebra_video/01_tracking/frames_ep1;110;;;;;;;;;;;;;;;;;;
/data/01_kinematics/19_zebra_video/01_tracking/frames_ep1;111;;;;;;;;;;;;;;;;;;
/data/01_kinematics/19_zebra_video/01_tracking/frames_ep1;112;858.4533061536503;896.3438909415213;;;;;;;;;;;;;;;;
/data/01_kinematics/19_zebra_video/01_tracking/frames_ep1;113;;;;;;;;;;;;;;;;;;
/data/01_kinematics/19_zebra_video/01_tracking/frames_ep1;114;;;;;;;;;;;;;;;;;;
/data/01_kinematics/19_zebra_video/01_tracking/frames_ep1;115;;;;;;;;;;;;;;;;;;
/data/01_kinematics/19_zebra_video/01_tracking/frames_ep1;116;;;;;;;;;;;;;;;;;;
/data/01_kinematics/19_zebra_video/01_tracking/frames_ep1;117;;;;;;;;;;;;;;;;;;
/data/01_kinematics/19_zebra_video/01_tracking/frames_ep1;118;;;;;;;;;;;;;;;;;;
/data/01_kinematics/19_zebra_video/01_tracking/frames_ep1;119;;;;;;;;;;;;;;;;;;
/data/01_kinematics/19_zebra_video/01_tracking/frames_ep1;120;;;;;;;;;;;;;;;;;;
/data/01_kinematics/19_zebra_video/01_tracking/frames_ep1;121;;;;;;;;;;;;;;;;;;
/data/01_kinematics/19_zebra_video/01_tracking/frames_ep1;122;;;;;;;;;;;;;;;;;;
/data/01_kinematics/19_zebra_video/01_tracking/frames_ep1;123;;;;;;;;;;;;;;;;;;
/data/01_kinematics/19_zebra_video/01_tracking/frames_ep1;124;;;;;;;;;;;;;;;;;;
/data/01_kinematics/19_zebra_video/01_tracking/frames_ep1;125;;;;;;;;;;;;;;;;;;
/data/01_kinematics/19_zebra_video/01_tracking/frames_ep1;126;;;;;;;;;;;;;;;;;;
/data/01_kinematics/19_zebra_video/01_tracking/frames_ep1;127;;;;;;;;;;;;;;;;;;
/data/01_kinematics/19_zebra_video/01_tracking/frames_ep1;128;;;;;;;;;;;;;;;;;;
/data/01_kinematics/19_zebra_video/01_tracking/frames_ep1;129;;;;;;;;;;;;;;;;;;
/data/01_kinematics/19_zebra_video/01_tracking/frames_ep1;130;;;;;;;;;;;;;;;;;;
/data/01_kinematics/19_zebra_video/01_tracking/frames_ep1;131;;;;;;;;;;;;;;;;;;
/data/01_kinematics/19_zebra_video/01_tracking/frames_ep1;132;;;;;;;;;;;;;;;;;;
/data/01_kinematics/19_zebra_video/01_tracking/frames_ep1;133;;;;;;;;;;;;;;;;;;
/data/01_kinematics/19_zebra_video/01_tracking/frames_ep1;134;;;;;;;;;;;;;;;;;;
/data/01_kinematics/19_zebra_video/01_tracking/frames_ep1;135;;;;;;;;;;;;;;;;;;
/data/01_kinematics/19_zebra_video/01_tracking/frames_ep1;136;;;;;;;;;;;;;;;;;;
/data/01_kinematics/19_zebra_video/01_tracking/frames_ep1;137;;;;;;;;;;;;;;;;;;
/data/01_kinematics/19_zebra_video/01_tracking/frames_ep1;138;;;;;;;;;;;;;;;;;;
/data/01_kinematics/19_zebra_video/01_tracking/frames_ep1;139;;;;;;;;;;;;;;;;;;
/data/01_kinematics/19_zebra_video/01_tracking/frames_ep1;140;;;;;;;;;;;;;;;;;;
/data/01_kinematics/19_zebra_video/01_tracking/frames_ep1;141;;;;;;;;;;;;;;;;;;
/data/01_kinematics/19_zebra_video/01_tracking/frames_ep1;142;;;;;;;;;;;;;;;;;;
/data/01_kinematics/19_zebra_video/01_tracking/frames_ep1;143;;;;;;;;;;;;;;;;;;
/data/01_kinematics/19_zebra_video/01_tracking/frames_ep1;144;;;;;;;;;;;;;;;;;;
/data/01_kinematics/19_zebra_video/01_tracking/frames_ep1;145;845.9166772837306;932.7001146642885;;;;;;;;;;;;;;;;
/data/01_kinematics/19_zebra_video/01_tracking/frames_ep1;146;;;;;;;;;;;;;;;;;;
/data/01_kinematics/19_zebra_video/01_tracking/frames_ep1;147;;;;;;;;;;;;;;;;;;
/data/01_kinematics/19_zebra_video/01_tracking/frames_ep1;148;;;;;;;;;;;;;;;;;;
/data/01_kinematics/19_zebra_video/01_tracking/frames_ep1;149;;;;;;;;;;;;;;;;;;
/data/01_kinematics/19_zebra_video/01_tracking/frames_ep1;150;;;;;;;;;;;;;;;;;;
/data/01_kinematics/19_zebra_video/01_tracking/frames_ep1;151;;;;;;;;;;;;;;;;;;
/data/01_kinematics/19_zebra_video/01_tracking/frames_ep1;152;;;;;;;;;;;;;;;;;;
/data/01_kinematics/19_zebra_video/01_tracking/frames_ep1;153;;;;;;;;;;;;;;;;;;
/data/01_kinematics/19_zebra_video/01_tracking/frames_ep1;154;;;;;;;;;;;;;;;;;;
/data/01_kinematics/19_zebra_video/01_tracking/frames_ep1;155;;;;;;;;;;;;;;;;;;
/data/01_kinematics/19_zebra_video/01_tracking/frames_ep1;156;;;;;;;;;;;;;;;;;;
/data/01_kinematics/19_zebra_video/01_tracking/frames_ep1;157;;;;;;;;;;;;;;;;;;
/data/01_kinematics/19_zebra_video/01_tracking/frames_ep1;158;;;;;;;;;;;;;;;;;;
/data/01_kinematics/19_zebra_video/01_tracking/frames_ep1;159;;;;;;;;;;;;;;;;;;
/data/01_kinematics/19_zebra_video/01_tracking/frames_ep1;160;;;;;;;;;;;;;;;;;;
/data/01_kinematics/19_zebra_video/01_tracking/frames_ep1;161;;;;;;;;;;;;;;;;;;
/data/01_kinematics/19_zebra_video/01_tracking/frames_ep1;162;;;;;;;;;;;;;;;;;;
/data/01_kinematics/19_zebra_video/01_tracking/frames_ep1;163;;;;;;;;;;;;;;;;;;
/data/01_kinematics/19_zebra_video/01_tracking/frames_ep1;164;;;;;;;;;;;;;;;;;;
/data/01_kinematics/19_zebra_video/01_tracking/frames_ep1;165;;;;;;;;;;;;;;;;;;
/data/01_kinematics/19_zebra_video/01_tracking/frames_ep1;166;;;;;;;;;;;;;;;;;;
/data/01_kinematics/19_zebra_video/01_tracking/frames_ep1;167;;;;;;;;;;;;;;;;;;
/data/01_kinematics/19_zebra_video/01_tracking/frames_ep1;168;;;;;;;;;;;;;;;;;;
/data/01_kinematics/19_zebra_video/01_tracking/frames_ep1;169;;;;;;;;;;;;;;;;;;
/data/01_kinematics/19_zebra_video/01_tracking/frames_ep1;170;;;;;;;;;;;;;;;;;;
/data/01_kinematics/19_zebra_video/01_tracking/frames_ep1;171;;;;;;;;;;;;;;;;;;
/data/01_kinematics/19_zebra_video/01_tracking/frames_ep1;172;;;;;;;;;;;;;;;;;;
/data/01_kinematics/19_zebra_video/01_tracking/frames_ep1;173;;;;;;;;;;;;;;;;;;
/data/01_kinematics/19_zebra_video/01_tracking/frames_ep1;174;;;;;;;;;;;;;;;;;;
/data/01_kinematics/19_zebra_video/01_tracking/frames_ep1;175;720.5503885845332;941.4757548732323;;;;;;;;;;;;;;;;
/data/01_kinematics/19_zebra_video/01_tracking/frames_ep1;176;;;;;;;;;;;;;;;;;;
/data/01_kinematics/19_zebra_video/01_tracking/frames_ep1;177;;;;;;;;;;;;;;;;;;
/data/01_kinematics/19_zebra_video/01_tracking/frames_ep1;178;;;;;;;;;;;;;;;;;;
/data/01_kinematics/19_zebra_video/01_tracking/frames_ep1;179;;;;;;;;;;;;;;;;;;
/data/01_kinematics/19_zebra_video/01_tracking/frames_ep1;180;;;;;;;;;;;;;;;;;;
/data/01_kinematics/19_zebra_video/01_tracking/frames_ep1;181;;;;;;;;;;;;;;;;;;
/data/01_kinematics/19_zebra_video/01_tracking/frames_ep1;182;;;;;;;;;;;;;;;;;;
/data/01_kinematics/19_zebra_video/01_tracking/frames_ep1;183;;;;;;;;;;;;;;;;;;
/data/01_kinematics/19_zebra_video/01_tracking/frames_ep1;184;;;;;;;;;;;;;;;;;;
/data/01_kinematics/19_zebra_video/01_tracking/frames_ep1;185;;;;;;;;;;;;;;;;;;
/data/01_kinematics/19_zebra_video/01_tracking/frames_ep1;186;;;;;;;;;;;;;;;;;;
/data/01_kinematics/19_zebra_video/01_tracking/frames_ep1;187;;;;;;;;;;;;;;;;;;
/data/01_kinematics/19_zebra_video/01_tracking/frames_ep1;188;;;;;;;;;;;;;;;;;;
/data/01_kinematics/19_zebra_video/01_tracking/frames_ep1;189;;;;;;;;;;;;;;;;;;
/data/01_kinematics/19_zebra_video/01_tracking/frames_ep1;190;;;;;;;;;;;;;;;;;;
/data/01_kinematics/19_zebra_video/01_tracking/frames_ep1;191;;;;;;;;;;;;;;;;;;
/data/01_kinematics/19_zebra_video/01_tracking/frames_ep1;192;;;;;;;;;;;;;;;;;;
/data/01_kinematics/19_zebra_video/01_tracking/frames_ep1;193;;;;;;;;;;;;;;;;;;
/data/01_kinematics/19_zebra_video/01_tracking/frames_ep1;194;;;;;;;;;;;;;;;;;;
/data/01_kinematics/19_zebra_video/01_tracking/frames_ep1;195;;;;;;;;;;;;;;;;;;
/data/01_kinematics/19_zebra_video/01_tracking/frames_ep1;196;;;;;;;;;;;;;;;;;;
/data/01_kinematics/19_zebra_video/01_tracking/frames_ep1;197;;;;;;;;;;;;;;;;;;
/data/01_kinematics/19_zebra_video/01_tracking/frames_ep1;198;;;;;;;;;;;;;;;;;;
/data/01_kinematics/19_zebra_video/01_tracking/frames_ep1;199;;;;;;;;;;;;;;;;;;
/data/01_kinematics/19_zebra_video/01_tracking/frames_ep1;200;;;;;;;;;;;;;;;;;;
/data/01_kinematics/19_zebra_video/01_tracking/frames_ep1;201;;;;;;;;;;;;;;;;;;
/data/01_kinematics/19_zebra_video/01_tracking/frames_ep1;202;;;;;;;;;;;;;;;;;;
/data/01_kinematics/19_zebra_video/01_tracking/frames_ep1;203;;;;;;;;;;;;;;;;;;
/data/01_kinematics/19_zebra_video/01_tracking/frames_ep1;204;;;;;;;;;;;;;;;;;;
/data/01_kinematics/19_zebra_video/01_tracking/frames_ep1;205;;;;;;;;;;;;;;;;;;
/data/01_kinematics/19_zebra_video/01_tracking/frames_ep1;206;;;;;;;;;;;;;;;;;;
/data/01_kinematics/19_zebra_video/01_tracking/frames_ep1;207;751.8919607593325;969.0563383870558;;;;;;;;;;;;;;;;
/data/01_kinematics/19_zebra_video/01_tracking/frames_ep1;208;;;;;;;;;;;;;;;;;;
/data/01_kinematics/19_zebra_video/01_tracking/frames_ep1;209;;;;;;;;;;;;;;;;;;
/data/01_kinematics/19_zebra_video/01_tracking/frames_ep1;210;;;;;;;;;;;;;;;;;;
/data/01_kinematics/19_zebra_video/01_tracking/frames_ep1;211;;;;;;;;;;;;;;;;;;
/data/01_kinematics/19_zebra_video/01_tracking/frames_ep1;212;;;;;;;;;;;;;;;;;;
/data/01_kinematics/19_zebra_video/01_tracking/frames_ep1;213;;;;;;;;;;;;;;;;;;
/data/01_kinematics/19_zebra_video/01_tracking/frames_ep1;214;;;;;;;;;;;;;;;;;;
/data/01_kinematics/19_zebra_video/01_tracking/frames_ep1;215;;;;;;;;;;;;;;;;;;
/data/01_kinematics/19_zebra_video/01_tracking/frames_ep1;216;;;;;;;;;;;;;;;;;;
/data/01_kinematics/19_zebra_video/01_tracking/frames_ep1;217;;;;;;;;;;;;;;;;;;
/data/01_kinematics/19_zebra_video/01_tracking/frames_ep1;218;;;;;;;;;;;;;;;;;;
/data/01_kinematics/19_zebra_video/01_tracking/frames_ep1;219;;;;;;;;;;;;;;;;;;
/data/01_kinematics/19_zebra_video/01_tracking/frames_ep1;220;;;;;;;;;;;;;;;;;;
/data/01_kinematics/19_zebra_video/01_tracking/frames_ep1;221;;;;;;;;;;;;;;;;;;
/data/01_kinematics/19_zebra_video/01_tracking/frames_ep1;222;;;;;;;;;;;;;;;;;;
/data/01_kinematics/19_zebra_video/01_tracking/frames_ep1;223;;;;;;;;;;;;;;;;;;
/data/01_kinematics/19_zebra_video/01_tracking/frames_ep1;224;;;;;;;;;;;;;;;;;;
/data/01_kinematics/19_zebra_video/01_tracking/frames_ep1;225;;;;;;;;;;;;;;;;;;
/data/01_kinematics/19_zebra_video/01_tracking/frames_ep1;226;;;;;;;;;;;;;;;;;;
/data/01_kinematics/19_zebra_video/01_tracking/frames_ep1;227;;;;;;;;;;;;;;;;;;
/data/01_kinematics/19_zebra_video/01_tracking/frames_ep1;228;;;;;;;;;;;;;;;;;;
/data/01_kinematics/19_zebra_video/01_tracking/frames_ep1;229;;;;;;;;;;;;;;;;;;
/data/01_kinematics/19_zebra_video/01_tracking/frames_ep1;230;;;;;;;;;;;;;;;;;;
/data/01_kinematics/19_zebra_video/01_tracking/frames_ep1;231;;;;;;;;;;;;;;;;;;
/data/01_kinematics/19_zebra_video/01_tracking/frames_ep1;232;;;;;;;;;;;;;;;;;;
/data/01_kinematics/19_zebra_video/01_tracking/frames_ep1;233;;;;;;;;;;;;;;;;;;
/data/01_kinematics/19_zebra_video/01_tracking/frames_ep1;234;;;;;;;;;;;;;;;;;;
/data/01_kinematics/19_zebra_video/01_tracking/frames_ep1;235;;;;;;;;;;;;;;;;;;
/data/01_kinematics/19_zebra_video/01_tracking/frames_ep1;236;;;;;;;;;;;;;;;;;;
/data/01_kinematics/19_zebra_video/01_tracking/frames_ep1;237;;;;;;;;;;;;;;;;;;
/data/01_kinematics/19_zebra_video/01_tracking/frames_ep1;238;;;;;;;;;;;;;;;;;;
/data/01_kinematics/19_zebra_video/01_tracking/frames_ep1;239;780.7262071601479;967.8026755000637;;;;;;;;;;;;;;;;
/data/01_kinematics/19_zebra_video/01_tracking/frames_ep1;240;;;;;;;;;;;;;;;;;;
/data/01_kinematics/19_zebra_video/01_tracking/frames_ep1;241;;;;;;;;;;;;;;;;;;
/data/01_kinematics/19_zebra_video/01_tracking/frames_ep1;242;;;;;;;;;;;;;;;;;;
/data/01_kinematics/19_zebra_video/01_tracking/frames_ep1;243;;;;;;;;;;;;;;;;;;
/data/01_kinematics/19_zebra_video/01_tracking/frames_ep1;244;;;;;;;;;;;;;;;;;;
/data/01_kinematics/19_zebra_video/01_tracking/frames_ep1;245;;;;;;;;;;;;;;;;;;
/data/01_kinematics/19_zebra_video/01_tracking/frames_ep1;246;;;;;;;;;;;;;;;;;;
/data/01_kinematics/19_zebra_video/01_tracking/frames_ep1;247;;;;;;;;;;;;;;;;;;
/data/01_kinematics/19_zebra_video/01_tracking/frames_ep1;248;;;;;;;;;;;;;;;;;;
/data/01_kinematics/19_zebra_video/01_tracking/frames_ep1;249;;;;;;;;;;;;;;;;;;
/data/01_kinematics/19_zebra_video/01_tracking/frames_ep1;250;;;;;;;;;;;;;;;;;;
/data/01_kinematics/19_zebra_video/01_tracking/frames_ep1;251;;;;;;;;;;;;;;;;;;
/data/01_kinematics/19_zebra_video/01_tracking/frames_ep1;252;;;;;;;;;;;;;;;;;;
/data/01_kinematics/19_zebra_video/01_tracking/frames_ep1;253;;;;;;;;;;;;;;;;;;
/data/01_kinematics/19_zebra_video/01_tracking/frames_ep1;254;;;;;;;;;;;;;;;;;;
/data/01_kinematics/19_zebra_video/01_tracking/frames_ep1;255;;;;;;;;;;;;;;;;;;
/data/01_kinematics/19_zebra_video/01_tracking/frames_ep1;256;;;;;;;;;;;;;;;;;;
/data/01_kinematics/19_zebra_video/01_tracking/frames_ep1;257;;;;;;;;;;;;;;;;;;
/data/01_kinematics/19_zebra_video/01_tracking/frames_ep1;258;;;;;;;;;;;;;;;;;;
/data/01_kinematics/19_zebra_video/01_tracking/frames_ep1;259;;;;;;;;;;;;;;;;;;
/data/01_kinematics/19_zebra_video/01_tracking/frames_ep1;260;;;;;;;;;;;;;;;;;;
/data/01_kinematics/19_zebra_video/01_tracking/frames_ep1;261;;;;;;;;;;;;;;;;;;
/data/01_kinematics/19_zebra_video/01_tracking/frames_ep1;262;;;;;;;;;;;;;;;;;;
/data/01_kinematics/19_zebra_video/01_tracking/frames_ep1;263;;;;;;;;;;;;;;;;;;
/data/01_kinematics/19_zebra_video/01_tracking/frames_ep1;264;;;;;;;;;;;;;;;;;;
/data/01_kinematics/19_zebra_video/01_tracking/frames_ep1;265;;;;;;;;;;;;;;;;;;
/data/01_kinematics/19_zebra_video/01_tracking/frames_ep1;266;;;;;;;;;;;;;;;;;;
/data/01_kinematics/19_zebra_video/01_tracking/frames_ep1;267;;;;;;;;;;;;;;;;;;
/data/01_kinematics/19_zebra_video/01_tracking/frames_ep1;268;;;;;;;;;;;;;;;;;;
/data/01_kinematics/19_zebra_video/01_tracking/frames_ep1;269;;;;;;;;;;;;;;;;;;
/data/01_kinematics/19_zebra_video/01_tracking/frames_ep1;270;;;;;;;;;;;;;;;;;;
/data/01_kinematics/19_zebra_video/01_tracking/frames_ep1;271;805.7994648999874;966.5490126130718;;;;;;;;;;;;;;;;
/data/01_kinematics/19_zebra_video/01_tracking/frames_ep1;272;;;;;;;;;;;;;;;;;;
/data/01_kinematics/19_zebra_video/01_tracking/frames_ep1;273;;;;;;;;;;;;;;;;;;
/data/01_kinematics/19_zebra_video/01_tracking/frames_ep1;274;;;;;;;;;;;;;;;;;;
/data/01_kinematics/19_zebra_video/01_tracking/frames_ep1;275;;;;;;;;;;;;;;;;;;
/data/01_kinematics/19_zebra_video/01_tracking/frames_ep1;276;;;;;;;;;;;;;;;;;;
/data/01_kinematics/19_zebra_video/01_tracking/frames_ep1;277;;;;;;;;;;;;;;;;;;
/data/01_kinematics/19_zebra_video/01_tracking/frames_ep1;278;;;;;;;;;;;;;;;;;;
/data/01_kinematics/19_zebra_video/01_tracking/frames_ep1;279;;;;;;;;;;;;;;;;;;
/data/01_kinematics/19_zebra_video/01_tracking/frames_ep1;280;;;;;;;;;;;;;;;;;;
/data/01_kinematics/19_zebra_video/01_tracking/frames_ep1;281;;;;;;;;;;;;;;;;;;
/data/01_kinematics/19_zebra_video/01_tracking/frames_ep1;282;;;;;;;;;;;;;;;;;;
/data/01_kinematics/19_zebra_video/01_tracking/frames_ep1;283;;;;;;;;;;;;;;;;;;
/data/01_kinematics/19_zebra_video/01_tracking/frames_ep1;284;;;;;;;;;;;;;;;;;;
/data/01_kinematics/19_zebra_video/01_tracking/frames_ep1;285;;;;;;;;;;;;;;;;;;
/data/01_kinematics/19_zebra_video/01_tracking/frames_ep1;286;;;;;;;;;;;;;;;;;;
/data/01_kinematics/19_zebra_video/01_tracking/frames_ep1;287;;;;;;;;;;;;;;;;;;
/data/01_kinematics/19_zebra_video/01_tracking/frames_ep1;288;;;;;;;;;;;;;;;;;;
/data/01_kinematics/19_zebra_video/01_tracking/frames_ep1;289;;;;;;;;;;;;;;;;;;
/data/01_kinematics/19_zebra_video/01_tracking/frames_ep1;290;;;;;;;;;;;;;;;;;;
/data/01_kinematics/19_zebra_video/01_tracking/frames_ep1;291;;;;;;;;;;;;;;;;;;
/data/01_kinematics/19_zebra_video/01_tracking/frames_ep1;292;;;;;;;;;;;;;;;;;;
/data/01_kinematics/19_zebra_video/01_tracking/frames_ep1;293;;;;;;;;;;;;;;;;;;
/data/01_kinematics/19_zebra_video/01_tracking/frames_ep1;294;;;;;;;;;;;;;;;;;;
/data/01_kinematics/19_zebra_video/01_tracking/frames_ep1;295;;;;;;;;;;;;;;;;;;
/data/01_kinematics/19_zebra_video/01_tracking/frames_ep1;296;;;;;;;;;;;;;;;;;;
/data/01_kinematics/19_zebra_video/01_tracking/frames_ep1;297;;;;;;;;;;;;;;;;;;
/data/01_kinematics/19_zebra_video/01_tracking/frames_ep1;298;;;;;;;;;;;;;;;;;;
/data/01_kinematics/19_zebra_video/01_tracking/frames_ep1;299;;;;;;;;;;;;;;;;;;
/data/01_kinematics/19_zebra_video/01_tracking/frames_ep1;300;;;;;;;;;;;;;;;;;;
/data/01_kinematics/19_zebra_video/01_tracking/frames_ep1;301;;;;;;;;;;;;;;;;;;
/data/01_kinematics/19_zebra_video/01_tracking/frames_ep1;302;;;;;;;;;;;;;;;;;;
/data/01_kinematics/19_zebra_video/01_tracking/frames_ep1;303;;;;;;;;;;;;;;;;;;
/data/01_kinematics/19_zebra_video/01_tracking/frames_ep1;304;849.6776659447063;955.266046630144;;;;;;;;;;;;;;;;
/data/01_kinematics/19_zebra_video/01_tracking/frames_ep1;305;;;;;;;;;;;;;;;;;;
/data/01_kinematics/19_zebra_video/01_tracking/frames_ep1;306;;;;;;;;;;;;;;;;;;
/data/01_kinematics/19_zebra_video/01_tracking/frames_ep1;307;;;;;;;;;;;;;;;;;;
/data/01_kinematics/19_zebra_video/01_tracking/frames_ep1;308;;;;;;;;;;;;;;;;;;
/data/01_kinematics/19_zebra_video/01_tracking/frames_ep1;309;;;;;;;;;;;;;;;;;;
/data/01_kinematics/19_zebra_video/01_tracking/frames_ep1;310;;;;;;;;;;;;;;;;;;
/data/01_kinematics/19_zebra_video/01_tracking/frames_ep1;311;;;;;;;;;;;;;;;;;;
/data/01_kinematics/19_zebra_video/01_tracking/frames_ep1;312;;;;;;;;;;;;;;;;;;
/data/01_kinematics/19_zebra_video/01_tracking/frames_ep1;313;;;;;;;;;;;;;;;;;;
/data/01_kinematics/19_zebra_video/01_tracking/frames_ep1;314;;;;;;;;;;;;;;;;;;
/data/01_kinematics/19_zebra_video/01_tracking/frames_ep1;315;;;;;;;;;;;;;;;;;;
/data/01_kinematics/19_zebra_video/01_tracking/frames_ep1;316;;;;;;;;;;;;;;;;;;
/data/01_kinematics/19_zebra_video/01_tracking/frames_ep1;317;;;;;;;;;;;;;;;;;;
/data/01_kinematics/19_zebra_video/01_tracking/frames_ep1;318;;;;;;;;;;;;;;;;;;
/data/01_kinematics/19_zebra_video/01_tracking/frames_ep1;319;;;;;;;;;;;;;;;;;;
/data/01_kinematics/19_zebra_video/01_tracking/frames_ep1;320;;;;;;;;;;;;;;;;;;
/data/01_kinematics/19_zebra_video/01_tracking/frames_ep1;321;;;;;;;;;;;;;;;;;;
/data/01_kinematics/19_zebra_video/01_tracking/frames_ep1;322;;;;;;;;;;;;;;;;;;
/data/01_kinematics/19_zebra_video/01_tracking/frames_ep1;323;;;;;;;;;;;;;;;;;;
/data/01_kinematics/19_zebra_video/01_tracking/frames_ep1;324;;;;;;;;;;;;;;;;;;
/data/01_kinematics/19_zebra_video/01_tracking/frames_ep1;325;;;;;;;;;;;;;;;;;;
/data/01_kinematics/19_zebra_video/01_tracking/frames_ep1;326;;;;;;;;;;;;;;;;;;
/data/01_kinematics/19_zebra_video/01_tracking/frames_ep1;327;;;;;;;;;;;;;;;;;;
/data/01_kinematics/19_zebra_video/01_tracking/frames_ep1;328;;;;;;;;;;;;;;;;;;
/data/01_kinematics/19_zebra_video/01_tracking/frames_ep1;329;;;;;;;;;;;;;;;;;;
/data/01_kinematics/19_zebra_video/01_tracking/frames_ep1;330;;;;;;;;;;;;;;;;;;
/data/01_kinematics/19_zebra_video/01_tracking/frames_ep1;331;;;;;;;;;;;;;;;;;;
/data/01_kinematics/19_zebra_video/01_tracking/frames_ep1;332;;;;;;;;;;;;;;;;;;
/data/01_kinematics/19_zebra_video/01_tracking/frames_ep1;333;;;;;;;;;;;;;;;;;;
/data/01_kinematics/19_zebra_video/01_tracking/frames_ep1;334;;;;;;;;;;;;;;;;;;
/data/01_kinematics/19_zebra_video/01_tracking/frames_ep1;335;;;;;;;;;;;;;;;;;;
/data/01_kinematics/19_zebra_video/01_tracking/frames_ep1;336;760.6676009682762;941.4757548732323;;;;;;;;;;;;;;;;
/data/01_kinematics/19_zebra_video/01_tracking/frames_ep1;337;;;;;;;;;;;;;;;;;;
/data/01_kinematics/19_zebra_video/01_tracking/frames_ep1;338;;;;;;;;;;;;;;;;;;
/data/01_kinematics/19_zebra_video/01_tracking/frames_ep1;339;;;;;;;;;;;;;;;;;;
/data/01_kinematics/19_zebra_video/01_tracking/frames_ep1;340;;;;;;;;;;;;;;;;;;
/data/01_kinematics/19_zebra_video/01_tracking/frames_ep1;341;;;;;;;;;;;;;;;;;;
/data/01_kinematics/19_zebra_video/01_tracking/frames_ep1;342;;;;;;;;;;;;;;;;;;
/data/01_kinematics/19_zebra_video/01_tracking/frames_ep1;343;;;;;;;;;;;;;;;;;;
/data/01_kinematics/19_zebra_video/01_tracking/frames_ep1;344;;;;;;;;;;;;;;;;;;
/data/01_kinematics/19_zebra_video/01_tracking/frames_ep1;345;;;;;;;;;;;;;;;;;;
/data/01_kinematics/19_zebra_video/01_tracking/frames_ep1;346;;;;;;;;;;;;;;;;;;
/data/01_kinematics/19_zebra_video/01_tracking/frames_ep1;347;;;;;;;;;;;;;;;;;;
/data/01_kinematics/19_zebra_video/01_tracking/frames_ep1;348;;;;;;;;;;;;;;;;;;
/data/01_kinematics/19_zebra_video/01_tracking/frames_ep1;349;;;;;;;;;;;;;;;;;;
/data/01_kinematics/19_zebra_video/01_tracking/frames_ep1;350;;;;;;;;;;;;;;;;;;
/data/01_kinematics/19_zebra_video/01_tracking/frames_ep1;351;;;;;;;;;;;;;;;;;;
/data/01_kinematics/19_zebra_video/01_tracking/frames_ep1;352;;;;;;;;;;;;;;;;;;
/data/01_kinematics/19_zebra_video/01_tracking/frames_ep1;353;;;;;;;;;;;;;;;;;;
/data/01_kinematics/19_zebra_video/01_tracking/frames_ep1;354;;;;;;;;;;;;;;;;;;
/data/01_kinematics/19_zebra_video/01_tracking/frames_ep1;355;;;;;;;;;;;;;;;;;;
/data/01_kinematics/19_zebra_video/01_tracking/frames_ep1;356;;;;;;;;;;;;;;;;;;
/data/01_kinematics/19_zebra_video/01_tracking/frames_ep1;357;;;;;;;;;;;;;;;;;;
/data/01_kinematics/19_zebra_video/01_tracking/frames_ep1;358;;;;;;;;;;;;;;;;;;
/data/01_kinematics/19_zebra_video/01_tracking/frames_ep1;359;;;;;;;;;;;;;;;;;;
/data/01_kinematics/19_zebra_video/01_tracking/frames_ep1;360;;;;;;;;;;;;;;;;;;
/data/01_kinematics/19_zebra_video/01_tracking/frames_ep1;361;;;;;;;;;;;;;;;;;;
/data/01_kinematics/19_zebra_video/01_tracking/frames_ep1;362;;;;;;;;;;;;;;;;;;
/data/01_kinematics/19_zebra_video/01_tracking/frames_ep1;363;;;;;;;;;;;;;;;;;;
/data/01_kinematics/19_zebra_video/01_tracking/frames_ep1;364;;;;;;;;;;;;;;;;;;
/data/01_kinematics/19_zebra_video/01_tracking/frames_ep1;365;;;;;;;;;;;;;;;;;;
/data/01_kinematics/19_zebra_video/01_tracking/frames_ep1;366;;;;;;;;;;;;;;;;;;
/data/01_kinematics/19_zebra_video/01_tracking/frames_ep1;367;;;;;;;;;;;;;;;;;;
/data/01_kinematics/19_zebra_video/01_tracking/frames_ep1;368;550.0522359536247;942.7294177602244;;;;;;;;;;;;;;;;
/data/01_kinematics/19_zebra_video/01_tracking/frames_ep1;369;;;;;;;;;;;;;;;;;;
/data/01_kinematics/19_zebra_video/01_tracking/frames_ep1;370;;;;;;;;;;;;;;;;;;
/data/01_kinematics/19_zebra_video/01_tracking/frames_ep1;371;;;;;;;;;;;;;;;;;;
/data/01_kinematics/19_zebra_video/01_tracking/frames_ep1;372;;;;;;;;;;;;;;;;;;
/data/01_kinematics/19_zebra_video/01_tracking/frames_ep1;373;;;;;;;;;;;;;;;;;;
/data/01_kinematics/19_zebra_video/01_tracking/frames_ep1;374;;;;;;;;;;;;;;;;;;
/data/01_kinematics/19_zebra_video/01_tracking/frames_ep1;375;;;;;;;;;;;;;;;;;;
/data/01_kinematics/19_zebra_video/01_tracking/frames_ep1;376;;;;;;;;;;;;;;;;;;
/data/01_kinematics/19_zebra_video/01_tracking/frames_ep1;377;;;;;;;;;;;;;;;;;;
/data/01_kinematics/19_zebra_video/01_tracking/frames_ep1;378;;;;;;;;;;;;;;;;;;
/data/01_kinematics/19_zebra_video/01_tracking/frames_ep1;379;;;;;;;;;;;;;;;;;;
/data/01_kinematics/19_zebra_video/01_tracking/frames_ep1;380;;;;;;;;;;;;;;;;;;
/data/01_kinematics/19_zebra_video/01_tracking/frames_ep1;381;;;;;;;;;;;;;;;;;;
/data/01_kinematics/19_zebra_video/01_tracking/frames_ep1;382;;;;;;;;;;;;;;;;;;
/data/01_kinematics/19_zebra_video/01_tracking/frames_ep1;383;;;;;;;;;;;;;;;;;;
/data/01_kinematics/19_zebra_video/01_tracking/frames_ep1;384;;;;;;;;;;;;;;;;;;
/data/01_kinematics/19_zebra_video/01_tracking/frames_ep1;385;;;;;;;;;;;;;;;;;;
/data/01_kinematics/19_zebra_video/01_tracking/frames_ep1;386;;;;;;;;;;;;;;;;;;
/data/01_kinematics/19_zebra_video/01_tracking/frames_ep1;387;;;;;;;;;;;;;;;;;;
/data/01_kinematics/19_zebra_video/01_tracking/frames_ep1;388;;;;;;;;;;;;;;;;;;
/data/01_kinematics/19_zebra_video/01_tracking/frames_ep1;389;;;;;;;;;;;;;;;;;;
/data/01_kinematics/19_zebra_video/01_tracking/frames_ep1;390;;;;;;;;;;;;;;;;;;
/data/01_kinematics/19_zebra_video/01_tracking/frames_ep1;391;;;;;;;;;;;;;;;;;;
/data/01_kinematics/19_zebra_video/01_tracking/frames_ep1;392;;;;;;;;;;;;;;;;;;
/data/01_kinematics/19_zebra_video/01_tracking/frames_ep1;393;;;;;;;;;;;;;;;;;;
/data/01_kinematics/19_zebra_video/01_tracking/frames_ep1;394;;;;;;;;;;;;;;;;;;
/data/01_kinematics/19_zebra_video/01_tracking/frames_ep1;395;;;;;;;;;;;;;;;;;;
/data/01_kinematics/19_zebra_video/01_tracking/frames_ep1;396;;;;;;;;;;;;;;;;;;
/data/01_kinematics/19_zebra_video/01_tracking/frames_ep1;397;;;;;;;;;;;;;;;;;;
/data/01_kinematics/19_zebra_video/01_tracking/frames_ep1;398;;;;;;;;;;;;;;;;;;
/data/01_kinematics/19_zebra_video/01_tracking/frames_ep1;399;;;;;;;;;;;;;;;;;;
/data/01_kinematics/19_zebra_video/01_tracking/frames_ep1;400;459.78850809020264;945.2367435342082;;;;;;;;;;;;;;;;
/data/01_kinematics/19_zebra_video/01_tracking/frames_ep1;401;;;;;;;;;;;;;;;;;;
/data/01_kinematics/19_zebra_video/01_tracking/frames_ep1;402;;;;;;;;;;;;;;;;;;
/data/01_kinematics/19_zebra_video/01_tracking/frames_ep1;403;;;;;;;;;;;;;;;;;;
/data/01_kinematics/19_zebra_video/01_tracking/frames_ep1;404;;;;;;;;;;;;;;;;;;
/data/01_kinematics/19_zebra_video/01_tracking/frames_ep1;405;;;;;;;;;;;;;;;;;;
/data/01_kinematics/19_zebra_video/01_tracking/frames_ep1;406;;;;;;;;;;;;;;;;;;
/data/01_kinematics/19_zebra_video/01_tracking/frames_ep1;407;;;;;;;;;;;;;;;;;;
/data/01_kinematics/19_zebra_video/01_tracking/frames_ep1;408;;;;;;;;;;;;;;;;;;
/data/01_kinematics/19_zebra_video/01_tracking/frames_ep1;409;;;;;;;;;;;;;;;;;;
/data/01_kinematics/19_zebra_video/01_tracking/frames_ep1;410;;;;;;;;;;;;;;;;;;
/data/01_kinematics/19_zebra_video/01_tracking/frames_ep1;411;;;;;;;;;;;;;;;;;;
/data/01_kinematics/19_zebra_video/01_tracking/frames_ep1;412;;;;;;;;;;;;;;;;;;
/data/01_kinematics/19_zebra_video/01_tracking/frames_ep1;413;;;;;;;;;;;;;;;;;;
/data/01_kinematics/19_zebra_video/01_tracking/frames_ep1;414;;;;;;;;;;;;;;;;;;
/data/01_kinematics/19_zebra_video/01_tracking/frames_ep1;415;;;;;;;;;;;;;;;;;;
/data/01_kinematics/19_zebra_video/01_tracking/frames_ep1;416;;;;;;;;;;;;;;;;;;
/data/01_kinematics/19_zebra_video/01_tracking/frames_ep1;417;;;;;;;;;;;;;;;;;;
/data/01_kinematics/19_zebra_video/01_tracking/frames_ep1;418;;;;;;;;;;;;;;;;;;
/data/01_kinematics/19_zebra_video/01_tracking/frames_ep1;419;;;;;;;;;;;;;;;;;;
/data/01_kinematics/19_zebra_video/01_tracking/frames_ep1;420;;;;;;;;;;;;;;;;;;
/data/01_kinematics/19_zebra_video/01_tracking/frames_ep1;421;;;;;;;;;;;;;;;;;;
/data/01_kinematics/19_zebra_video/01_tracking/frames_ep1;422;;;;;;;;;;;;;;;;;;
/data/01_kinematics/19_zebra_video/01_tracking/frames_ep1;423;;;;;;;;;;;;;;;;;;
/data/01_kinematics/19_zebra_video/01_tracking/frames_ep1;424;;;;;;;;;;;;;;;;;;
/data/01_kinematics/19_zebra_video/01_tracking/frames_ep1;425;;;;;;;;;;;;;;;;;;
/data/01_kinematics/19_zebra_video/01_tracking/frames_ep1;426;;;;;;;;;;;;;;;;;;
/data/01_kinematics/19_zebra_video/01_tracking/frames_ep1;427;;;;;;;;;;;;;;;;;;
/data/01_kinematics/19_zebra_video/01_tracking/frames_ep1;428;;;;;;;;;;;;;;;;;;
/data/01_kinematics/19_zebra_video/01_tracking/frames_ep1;429;;;;;;;;;;;;;;;;;;
/data/01_kinematics/19_zebra_video/01_tracking/frames_ep1;430;;;;;;;;;;;;;;;;;;
/data/01_kinematics/19_zebra_video/01_tracking/frames_ep1;431;592.6767741113518;996.6369219008792;;;;;;;;;;;;;;;;
/data/01_kinematics/19_zebra_video/01_tracking/frames_ep1;432;;;;;;;;;;;;;;;;;;
/data/01_kinematics/19_zebra_video/01_tracking/frames_ep1;433;;;;;;;;;;;;;;;;;;
/data/01_kinematics/19_zebra_video/01_tracking/frames_ep1;434;;;;;;;;;;;;;;;;;;
/data/01_kinematics/19_zebra_video/01_tracking/frames_ep1;435;;;;;;;;;;;;;;;;;;
/data/01_kinematics/19_zebra_video/01_tracking/frames_ep1;436;;;;;;;;;;;;;;;;;;
/data/01_kinematics/19_zebra_video/01_tracking/frames_ep1;437;;;;;;;;;;;;;;;;;;
/data/01_kinematics/19_zebra_video/01_tracking/frames_ep1;438;;;;;;;;;;;;;;;;;;
/data/01_kinematics/19_zebra_video/01_tracking/frames_ep1;439;;;;;;;;;;;;;;;;;;
/data/01_kinematics/19_zebra_video/01_tracking/frames_ep1;440;;;;;;;;;;;;;;;;;;
/data/01_kinematics/19_zebra_video/01_tracking/frames_ep1;441;;;;;;;;;;;;;;;;;;
/data/01_kinematics/19_zebra_video/01_tracking/frames_ep1;442;;;;;;;;;;;;;;;;;;
/data/01_kinematics/19_zebra_video/01_tracking/frames_ep1;443;;;;;;;;;;;;;;;;;;
/data/01_kinematics/19_zebra_video/01_tracking/frames_ep1;444;;;;;;;;;;;;;;;;;;
/data/01_kinematics/19_zebra_video/01_tracking/frames_ep1;445;;;;;;;;;;;;;;;;;;
/data/01_kinematics/19_zebra_video/01_tracking/frames_ep1;446;;;;;;;;;;;;;;;;;;
/data/01_kinematics/19_zebra_video/01_tracking/frames_ep1;447;;;;;;;;;;;;;;;;;;
/data/01_kinematics/19_zebra_video/01_tracking/frames_ep1;448;;;;;;;;;;;;;;;;;;
/data/01_kinematics/19_zebra_video/01_tracking/frames_ep1;449;;;;;;;;;;;;;;;;;;
/data/01_kinematics/19_zebra_video/01_tracking/frames_ep1;450;;;;;;;;;;;;;;;;;;
/data/01_kinematics/19_zebra_video/01_tracking/frames_ep1;451;;;;;;;;;;;;;;;;;;
/data/01_kinematics/19_zebra_video/01_tracking/frames_ep1;452;;;;;;;;;;;;;;;;;;
/data/01_kinematics/19_zebra_video/01_tracking/frames_ep1;453;;;;;;;;;;;;;;;;;;
/data/01_kinematics/19_zebra_video/01_tracking/frames_ep1;454;;;;;;;;;;;;;;;;;;
/data/01_kinematics/19_zebra_video/01_tracking/frames_ep1;455;;;;;;;;;;;;;;;;;;
/data/01_kinematics/19_zebra_video/01_tracking/frames_ep1;456;;;;;;;;;;;;;;;;;;
/data/01_kinematics/19_zebra_video/01_tracking/frames_ep1;457;;;;;;;;;;;;;;;;;;
/data/01_kinematics/19_zebra_video/01_tracking/frames_ep1;458;;;;;;;;;;;;;;;;;;
/data/01_kinematics/19_zebra_video/01_tracking/frames_ep1;459;;;;;;;;;;;;;;;;;;
/data/01_kinematics/19_zebra_video/01_tracking/frames_ep1;460;;;;;;;;;;;;;;;;;;
/data/01_kinematics/19_zebra_video/01_tracking/frames_ep1;461;;;;;;;;;;;;;;;;;;
/data/01_kinematics/19_zebra_video/01_tracking/frames_ep1;462;;;;;;;;;;;;;;;;;;
/data/01_kinematics/19_zebra_video/01_tracking/frames_ep1;463;827.1117339788508;987.8612816919353;;;;;;;;;;;;;;;;
/data/01_kinematics/19_zebra_video/01_tracking/frames_ep1;464;;;;;;;;;;;;;;;;;;
/data/01_kinematics/19_zebra_video/01_tracking/frames_ep1;465;;;;;;;;;;;;;;;;;;
/data/01_kinematics/19_zebra_video/01_tracking/frames_ep1;466;;;;;;;;;;;;;;;;;;
/data/01_kinematics/19_zebra_video/01_tracking/frames_ep1;467;;;;;;;;;;;;;;;;;;
/data/01_kinematics/19_zebra_video/01_tracking/frames_ep1;468;;;;;;;;;;;;;;;;;;
/data/01_kinematics/19_zebra_video/01_tracking/frames_ep1;469;;;;;;;;;;;;;;;;;;
/data/01_kinematics/19_zebra_video/01_tracking/frames_ep1;470;;;;;;;;;;;;;;;;;;
/data/01_kinematics/19_zebra_video/01_tracking/frames_ep1;471;;;;;;;;;;;;;;;;;;
/data/01_kinematics/19_zebra_video/01_tracking/frames_ep1;472;;;;;;;;;;;;;;;;;;
/data/01_kinematics/19_zebra_video/01_tracking/frames_ep1;473;;;;;;;;;;;;;;;;;;
/data/01_kinematics/19_zebra_video/01_tracking/frames_ep1;474;;;;;;;;;;;;;;;;;;
/data/01_kinematics/19_zebra_video/01_tracking/frames_ep1;475;;;;;;;;;;;;;;;;;;
/data/01_kinematics/19_zebra_video/01_tracking/frames_ep1;476;;;;;;;;;;;;;;;;;;
/data/01_kinematics/19_zebra_video/01_tracking/frames_ep1;477;;;;;;;;;;;;;;;;;;
/data/01_kinematics/19_zebra_video/01_tracking/frames_ep1;478;;;;;;;;;;;;;;;;;;
/data/01_kinematics/19_zebra_video/01_tracking/frames_ep1;479;;;;;;;;;;;;;;;;;;
/data/01_kinematics/19_zebra_video/01_tracking/frames_ep1;480;;;;;;;;;;;;;;;;;;
/data/01_kinematics/19_zebra_video/01_tracking/frames_ep1;481;;;;;;;;;;;;;;;;;;
/data/01_kinematics/19_zebra_video/01_tracking/frames_ep1;482;;;;;;;;;;;;;;;;;;
/data/01_kinematics/19_zebra_video/01_tracking/frames_ep1;483;;;;;;;;;;;;;;;;;;
/data/01_kinematics/19_zebra_video/01_tracking/frames_ep1;484;;;;;;;;;;;;;;;;;;
/data/01_kinematics/19_zebra_video/01_tracking/frames_ep1;485;;;;;;;;;;;;;;;;;;
/data/01_kinematics/19_zebra_video/01_tracking/frames_ep1;486;;;;;;;;;;;;;;;;;;
/data/01_kinematics/19_zebra_video/01_tracking/frames_ep1;487;;;;;;;;;;;;;;;;;;
/data/01_kinematics/19_zebra_video/01_tracking/frames_ep1;488;;;;;;;;;;;;;;;;;;
/data/01_kinematics/19_zebra_video/01_tracking/frames_ep1;489;;;;;;;;;;;;;;;;;;
/data/01_kinematics/19_zebra_video/01_tracking/frames_ep1;490;;;;;;;;;;;;;;;;;;
/data/01_kinematics/19_zebra_video/01_tracking/frames_ep1;491;;;;;;;;;;;;;;;;;;
/data/01_kinematics/19_zebra_video/01_tracking/frames_ep1;492;;;;;;;;;;;;;;;;;;
/data/01_kinematics/19_zebra_video/01_tracking/frames_ep1;493;;;;;;;;;;;;;;;;;;
/data/01_kinematics/19_zebra_video/01_tracking/frames_ep1;494;;;;;;;;;;;;;;;;;;
/data/01_kinematics/19_zebra_video/01_tracking/frames_ep1;495;;;;;;;;;;;;;;;;;;
/data/01_kinematics/19_zebra_video/01_tracking/frames_ep1;496;;;;;;;;;;;;;;;;;;
/data/01_kinematics/19_zebra_video/01_tracking/frames_ep1;497;1076.5906484902534;1031.7394827366545;;;;;;;;;;;;;;;;
/data/01_kinematics/19_zebra_video/01_tracking/frames_ep1;498;;;;;;;;;;;;;;;;;;
/data/01_kinematics/19_zebra_video/01_tracking/frames_ep1;499;;;;;;;;;;;;;;;;;;
